TARGET_CLASS,configuration_id,criterion,ctg_min_time_per_job,ctg_schedule,search_budget,p_object_pool,ctg_time_per_class,Size,Length,Total_Time,Random_Seed,LineCoverage,LineCoverageBitString,BranchCoverage,BranchCoverageBitString,ExceptionCoverage,ExceptionCoverageBitString,Explicit_MethodExceptions,Explicit_TypeExceptions,Implicit_MethodExceptions,Implicit_TypeExceptions,WeakMutationScore,WeakMutationCoverageBitString,OutputCoverage,OutputCoverageBitString,MethodCoverage,MethodCoverageBitString,MethodNoExceptionCoverage,MethodNoExceptionCoverageBitString,CBranchCoverage,CBranchCoverageBitString
main.java.model.Car,default,LINE;BRANCH;EXCEPTION;WEAKMUTATION;OUTPUT;METHOD;METHODNOEXCEPTION;CBRANCH,1,BUDGET,263,0.3,3,69,492,308503,1576002361906,1.0,111111111111111111111111111111111111111111111111111111111111111111111111111111111111,0.96875,1111111111111111111111111111111111111111111111111111111111010111,1.0,11111111111,0,0,11,2,0.9824561403508771,111111111111111111111111111111111111111111111111101111111111111111111111111111111111111110111111111111111111111111111111111111111111111111111111011111111111111111111111111111111111111111111111111111111111111101111111111111111111,0.8947368421052632,11111111111111111111111111111110010110,1.0,11111111111111111111111,1.0,11111111111111111111111,0.96875,1111111111111111111111111111111111111111111111111111111111100111
